prediction_date,heritage_name,material,exposure,predicted_grade,risk_index,safe_probability,caution_probability,danger_probability,attention_probability,heritage_type,latitude,longitude,risk_label
2026-09-30,영천 거조사 영산전,기타,반실외,주의,47.80361402661146,4.6220668828261555,95.14863818112478,0.22929493604907453,95.37793311717385,국보,36.0200794751569,128.764535947917,주의
2026-09-30,영천 은해사 백흥암 수미단,기타,반실외,주의,47.80361402661146,4.6220668828261555,95.14863818112478,0.22929493604907453,95.37793311717385,보물,35.9965597,128.7680167,주의
2026-09-30,이형상 수고본,기타,반실외,주의,47.80361402661146,4.6220668828261555,95.14863818112478,0.22929493604907453,95.37793311717385,보물,35.9732205043331,128.938550862057,주의
2026-09-30,영천 은해사 백흥암 극락전,기타,반실외,주의,47.80361402661146,4.6220668828261555,95.14863818112478,0.22929493604907453,95.37793311717385,보물,35.996623,128.767734,주의
2026-09-30,영천 자천리 오리장림,기타,반실외,주의,47.80361402661146,4.6220668828261555,95.14863818112478,0.22929493604907453,95.37793311717385,천연기념물,36.1032808983322,128.913151062617,주의
2026-09-30,병와 이형상 유품,기타,반실외,주의,47.80361402661146,4.6220668828261555,95.14863818112478,0.22929493604907453,95.37793311717385,국가민속문화유산,35.964665,128.9284714,주의
2026-09-30,생육신이경은선생부조묘,기타,반실외,주의,47.80361402661146,4.6220668828261555,95.14863818112478,0.22929493604907453,95.37793311717385,시도유형문화유산,36.0897627844508,129.035269254884,주의
2026-09-30,생육신이경은선생제단,기타,반실외,주의,47.80361402661146,4.6220668828261555,95.14863818112478,0.22929493604907453,95.37793311717385,시도유형문화유산,36.0897627844508,129.035269254884,주의
2026-09-30,박노계집판목,기타,반실외,주의,47.80361402661146,4.6220668828261555,95.14863818112478,0.22929493604907453,95.37793311717385,시도유형문화유산,35.9732205043331,128.938550862057,주의
2026-09-30,모고헌,기타,반실외,주의,47.80361402661146,4.6220668828261555,95.14863818112478,0.22929493604907453,95.37793311717385,시도유형문화유산,36.1154799007066,128.94644606266,주의
2026-09-30,민간조보,기타,반실외,주의,47.80361402661146,4.6220668828261555,95.14863818112478,0.22929493604907453,95.37793311717385,시도유형문화유산,35.9732205043331,128.938550862057,주의
2026-09-30,영천 묘봉암 목우자수심결,기타,반실외,주의,47.80361402661146,4.6220668828261555,95.14863818112478,0.22929493604907453,95.37793311717385,시도유형문화유산,35.9732205043331,128.938550862057,주의
2026-09-30,육경합부,기타,반실외,주의,47.80361402661146,4.6220668828261555,95.14863818112478,0.22929493604907453,95.37793311717385,시도유형문화유산,35.9732205043331,128.938550862057,주의
2026-09-30,영천 은해사 극락보전,기타,반실외,주의,47.80361402661146,4.6220668828261555,95.14863818112478,0.22929493604907453,95.37793311717385,시도유형문화유산,35.992193463149526,128.78962632882354,주의
2026-09-30,전금강성장군황보능장묘,기타,반실외,주의,47.80361402661146,4.6220668828261555,95.14863818112478,0.22929493604907453,95.37793311717385,시도기념물,35.9911500901698,128.989652754395,주의
2026-09-30,영천청제,기타,반실외,주의,47.80361402661146,4.6220668828261555,95.14863818112478,0.22929493604907453,95.37793311717385,시도기념물,35.9220267866527,128.942331746671,주의
2026-09-30,임란의병 한천전 승첩지,기타,반실외,주의,47.80361402661146,4.6220668828261555,95.14863818112478,0.22929493604907453,95.37793311717385,시도기념물,36.0691529227864,128.899839202103,주의
2026-09-30,환구세덕사,기타,반실외,주의,47.80361402661146,4.6220668828261555,95.14863818112478,0.22929493604907453,95.37793311717385,시도민속문화유산,36.0394790532901,128.96962931746,주의
2026-09-30,영천 묘봉암 법질별행록요병입사기,기타,반실외,주의,47.80361402661146,4.6220668828261555,95.14863818112478,0.22929493604907453,95.37793311717385,문화유산자료,35.9732205043331,128.938550862057,주의
2026-09-30,영천 충효사 소장 불설아미타경,기타,반실외,주의,47.80361402661146,4.6220668828261555,95.14863818112478,0.22929493604907453,95.37793311717385,문화유산자료,35.9732205043331,128.938550862057,주의
2026-09-30,구황촬요,기타,반실외,주의,47.80361402661146,4.6220668828261555,95.14863818112478,0.22929493604907453,95.37793311717385,문화유산자료,35.9732205043331,128.938550862057,주의
2026-09-30,영천 아계서사,기타,반실외,주의,47.80361402661146,4.6220668828261555,95.14863818112478,0.22929493604907453,95.37793311717385,문화유산자료,36.0485406286242,128.834978755883,주의
2026-09-30,영천약남리회화나무,기타,반실외,주의,47.80361402661146,4.6220668828261555,95.14863818112478,0.22929493604907453,95.37793311717385,시도자연유산,35.9014547930604,128.93195435135,주의
2026-09-30,영천역 급수탑,기타,반실외,주의,47.80361402661146,4.6220668828261555,95.14863818112478,0.22929493604907453,95.37793311717385,국가등록문화유산,35.9585869825278,128.939307593593,주의
2026-09-30,영천 과전동 일본식 가옥,기타,반실외,주의,47.80361402661146,4.6220668828261555,95.14863818112478,0.22929493604907453,95.37793311717385,국가등록문화유산,35.9671594022697,128.929612562408,주의
2026-09-30,영천 구 화룡교,기타,반실외,주의,47.80361402661146,4.6220668828261555,95.14863818112478,0.22929493604907453,95.37793311717385,국가등록문화유산,35.9759720901567,128.910861289811,주의
2026-09-30,영천 선원동 철조여래좌상,금속,반실외,주의,35.302511880181115,30.53405677571666,68.32686268820444,1.1390805360788958,69.46594322428334,보물,36.0394867,128.9688734,주의
2026-09-30,영천 은해사 운부암 금동보살좌상,금속,반실외,주의,35.302511880181115,30.53405677571666,68.32686268820444,1.1390805360788958,69.46594322428334,보물,36.0037611914094,128.759188255119,주의
2026-09-30,영천 죽림사 철조여래좌상,금속,반실외,주의,35.302511880181115,30.53405677571666,68.32686268820444,1.1390805360788958,69.46594322428334,시도유형문화유산,35.9732205043331,128.938550862057,주의
2026-09-30,영천 봉림사 영산회상도 및 복장유물,회화,반실외,주의,26.404430559915653,47.64845175904689,51.89423536207492,0.4573128788781908,52.351548240953115,보물,36.1260079,128.8978297,주의
2026-09-30,영천 은해사 염불왕생첩경도,회화,반실외,주의,26.404430559915653,47.64845175904689,51.89423536207492,0.4573128788781908,52.351548240953115,보물,35.9902625232099,128.794310797335,주의
2026-09-30,은해사백흥암감로왕도,회화,반실외,주의,26.404430559915653,47.64845175904689,51.89423536207492,0.4573128788781908,52.351548240953115,시도유형문화유산,35.9965597,128.7680167,주의
2026-09-30,영천 은해사 기기암 신중도,회화,반실외,주의,26.404430559915653,47.64845175904689,51.89423536207492,0.4573128788781908,52.351548240953115,시도유형문화유산,35.9732205043331,128.938550862057,주의
2026-09-30,영천 용화사 관음보살도,회화,반실외,주의,26.404430559915653,47.64845175904689,51.89423536207492,0.4573128788781908,52.351548240953115,시도유형문화유산,35.9793884069301,128.944904955435,주의
2026-09-30,영천 용화사 석가설법도,회화,반실외,주의,26.404430559915653,47.64845175904689,51.89423536207492,0.4573128788781908,52.351548240953115,시도유형문화유산,35.9793884069301,128.944904955435,주의
2026-09-30,영천 용화사 신중도,회화,반실외,주의,26.404430559915653,47.64845175904689,51.89423536207492,0.4573128788781908,52.351548240953115,시도유형문화유산,35.9793884069301,128.944904955435,주의
2026-09-30,영천 은해사 청동북 및 북걸이,금속,실내,주의,26.074439001716403,48.632372902055984,50.586376192455205,0.7812509054887997,51.367627097944,보물,35.9918398,128.7896748,주의
2026-09-30,영천 숭렬당,목조,반실외,안전,7.419848142910199,85.77114380207469,13.618016110030235,0.6108400878950817,14.228856197925316,보물,35.9664246532488,128.928982827552,안전
2026-09-30,영천향교 대성전,목조,반실외,안전,7.419848142910199,85.77114380207469,13.618016110030235,0.6108400878950817,14.228856197925316,보물,35.969993168861,128.928257605028,안전
2026-09-30,임고서원 전적,목조,반실외,안전,7.419848142910199,85.77114380207469,13.618016110030235,0.6108400878950817,14.228856197925316,보물,36.0169129150992,128.973358539267,안전
2026-09-30,영천 매산고택과 산수정,목조,반실외,안전,7.419848142910199,85.77114380207469,13.618016110030235,0.6108400878950817,14.228856197925316,국가민속문화유산,36.073145,128.976705,안전
2026-09-30,영천 연정고택,목조,반실외,안전,7.419848142910199,85.77114380207469,13.618016110030235,0.6108400878950817,14.228856197925316,국가민속문화유산,36.0505602440212,128.977496950435,안전
2026-09-30,영천 만취당 고택,목조,반실외,안전,7.419848142910199,85.77114380207469,13.618016110030235,0.6108400878950817,14.228856197925316,국가민속문화유산,35.906755,128.890803,안전
2026-09-30,용계서원,목조,반실외,안전,7.419848142910199,85.77114380207469,13.618016110030235,0.6108400878950817,14.228856197925316,시도유형문화유산,36.0897627844508,129.035269254884,안전
2026-09-30,강호정,목조,반실외,안전,7.419848142910199,85.77114380207469,13.618016110030235,0.6108400878950817,14.228856197925316,시도유형문화유산,36.0828332978932,129.01447311042,안전
2026-09-30,오회공종택,목조,반실외,안전,7.419848142910199,85.77114380207469,13.618016110030235,0.6108400878950817,14.228856197925316,시도유형문화유산,36.079234596553,129.015000338933,안전
2026-09-30,사의당,목조,반실외,안전,7.419848142910199,85.77114380207469,13.618016110030235,0.6108400878950817,14.228856197925316,시도유형문화유산,36.0852399003611,129.014911793044,안전
2026-09-30,삼휴정,목조,반실외,안전,7.419848142910199,85.77114380207469,13.618016110030235,0.6108400878950817,14.228856197925316,시도유형문화유산,36.0801906893345,129.014621744441,안전
2026-09-30,오회당,목조,반실외,안전,7.419848142910199,85.77114380207469,13.618016110030235,0.6108400878950817,14.228856197925316,시도유형문화유산,36.079234596553,129.015000338933,안전
2026-09-30,동린각,목조,반실외,안전,7.419848142910199,85.77114380207469,13.618016110030235,0.6108400878950817,14.228856197925316,시도유형문화유산,36.0474336974774,129.002803304218,안전
2026-09-30,자양서당,목조,반실외,안전,7.419848142910199,85.77114380207469,13.618016110030235,0.6108400878950817,14.228856197925316,시도유형문화유산,36.0474336974774,129.002803304218,안전
2026-09-30,호수종택,목조,반실외,안전,7.419848142910199,85.77114380207469,13.618016110030235,0.6108400878950817,14.228856197925316,시도유형문화유산,35.9890817698978,128.915696656118,안전
2026-09-30,거동사대웅전,목조,반실외,안전,7.419848142910199,85.77114380207469,13.618016110030235,0.6108400878950817,14.228856197925316,시도유형문화유산,36.150290951616,129.026547557165,안전
2026-09-30,영천조양각,목조,반실외,안전,7.419848142910199,85.77114380207469,13.618016110030235,0.6108400878950817,14.228856197925316,시도유형문화유산,35.9670810960103,128.932958657557,안전
2026-09-30,신녕향교명륜당,목조,반실외,안전,7.419848142910199,85.77114380207469,13.618016110030235,0.6108400878950817,14.228856197925316,시도유형문화유산,36.0486006174285,128.791287177868,안전
2026-09-30,옥간정,목조,반실외,안전,7.419848142910199,85.77114380207469,13.618016110030235,0.6108400878950817,14.228856197925316,시도유형문화유산,36.114734500085,128.947874489834,안전
2026-09-30,사룡산금정암제석탱,목조,반실외,안전,7.419848142910199,85.77114380207469,13.618016110030235,0.6108400878950817,14.228856197925316,시도유형문화유산,36.1077859,129.0651361,안전
2026-09-30,금산당,목조,반실외,안전,7.419848142910199,85.77114380207469,13.618016110030235,0.6108400878950817,14.228856197925316,시도유형문화유산,35.9066003062393,128.890456366281,안전
2026-09-30,영천 영지사 대웅전,목조,반실외,안전,7.419848142910199,85.77114380207469,13.618016110030235,0.6108400878950817,14.228856197925316,시도유형문화유산,35.8444632550913,128.951597525753,안전
2026-09-30,영천향교 소장 고문서,목조,반실외,안전,7.419848142910199,85.77114380207469,13.618016110030235,0.6108400878950817,14.228856197925316,시도유형문화유산,35.9732205043331,128.938550862057,안전
2026-09-30,영천 봉림사 대웅전,목조,반실외,안전,7.419848142910199,85.77114380207469,13.618016110030235,0.6108400878950817,14.228856197925316,시도유형문화유산,36.1260067634421,128.897848516462,안전
2026-09-30,영천 목조각장,목조,반실외,안전,7.419848142910199,85.77114380207469,13.618016110030235,0.6108400878950817,14.228856197925316,시도무형유산,35.9732205043331,128.938550862057,안전
2026-09-30,임고서원,목조,반실외,안전,7.419848142910199,85.77114380207469,13.618016110030235,0.6108400878950817,14.228856197925316,시도기념물,36.0167393040376,128.973519703691,안전
2026-09-30,영천충효재,목조,반실외,안전,7.419848142910199,85.77114380207469,13.618016110030235,0.6108400878950817,14.228856197925316,시도기념물,36.1080279695849,129.066708046708,안전
2026-09-30,고천서원,목조,반실외,안전,7.419848142910199,85.77114380207469,13.618016110030235,0.6108400878950817,14.228856197925316,시도기념물,36.017213370559,128.99068753831,안전
2026-09-30,영천 정의번 시총,목조,반실외,안전,7.419848142910199,85.77114380207469,13.618016110030235,0.6108400878950817,14.228856197925316,시도기념물,36.0804185357607,129.015825166123,안전
2026-09-30,완귀정,목조,반실외,안전,7.419848142910199,85.77114380207469,13.618016110030235,0.6108400878950817,14.228856197925316,시도민속문화유산,35.9365051251218,128.935036425465,안전
2026-09-30,양계정사,목조,반실외,안전,7.419848142910199,85.77114380207469,13.618016110030235,0.6108400878950817,14.228856197925316,시도민속문화유산,35.9916979586432,128.916779667503,안전
2026-09-30,영천 지산고택,목조,반실외,안전,7.419848142910199,85.77114380207469,13.618016110030235,0.6108400878950817,14.228856197925316,시도민속문화유산,35.8567761751441,128.922102850136,안전
2026-09-30,영천 귀애정,목조,반실외,안전,7.419848142910199,85.77114380207469,13.618016110030235,0.6108400878950817,14.228856197925316,시도민속문화유산,36.0574333745711,128.873658723133,안전
2026-09-30,도잠서원,목조,반실외,안전,7.419848142910199,85.77114380207469,13.618016110030235,0.6108400878950817,14.228856197925316,문화유산자료,35.84829860016,128.945334843424,안전
2026-09-30,신녕향교대성전,목조,반실외,안전,7.419848142910199,85.77114380207469,13.618016110030235,0.6108400878950817,14.228856197925316,문화유산자료,36.0486006174285,128.791287177868,안전
2026-09-30,함계정사,목조,반실외,안전,7.419848142910199,85.77114380207469,13.618016110030235,0.6108400878950817,14.228856197925316,문화유산자료,36.0475947149407,128.977857490094,안전
2026-09-30,영천경주김씨지사공종택,목조,반실외,안전,7.419848142910199,85.77114380207469,13.618016110030235,0.6108400878950817,14.228856197925316,문화유산자료,36.0270755026617,128.993921000644,안전
2026-09-30,영천자천교회,목조,반실외,안전,7.419848142910199,85.77114380207469,13.618016110030235,0.6108400878950817,14.228856197925316,문화유산자료,36.1112250978976,128.920876140183,안전
2026-09-30,영천 향사당 입규 현판,목조,반실외,안전,7.419848142910199,85.77114380207469,13.618016110030235,0.6108400878950817,14.228856197925316,문화유산자료,35.9732205043331,128.938550862057,안전
2026-09-30,영천 영지사 범종각,목조,반실외,안전,7.419848142910199,85.77114380207469,13.618016110030235,0.6108400878950817,14.228856197925316,문화유산자료,35.8442066979931,128.951419984362,안전
2026-09-30,영천 육우당,목조,반실외,안전,7.419848142910199,85.77114380207469,13.618016110030235,0.6108400878950817,14.228856197925316,문화유산자료,35.9344160658482,128.937155684262,안전
2026-09-30,임고서원은행나무,목조,반실외,안전,7.419848142910199,85.77114380207469,13.618016110030235,0.6108400878950817,14.228856197925316,시도자연유산,35.9907,128.9475,안전
2026-09-30,은해사 괘불탱,회화,실내,안전,5.8540240696386165,88.41725373837723,11.457444383968305,0.12530187765446377,11.582746261622768,보물,36.0036716,128.7593287,안전
2026-09-30,수도사 노사나불 괘불탱,회화,실내,안전,5.8540240696386165,88.41725373837723,11.457444383968305,0.12530187765446377,11.582746261622768,보물,36.0389433,128.7188708,안전
2026-09-30,은해사극락보전후불탱화및삼장탱화,회화,실내,안전,5.8540240696386165,88.41725373837723,11.457444383968305,0.12530187765446377,11.582746261622768,시도유형문화유산,35.9918398,128.7896748,안전
2026-09-30,정몽주 초상(1991),목조,실내,안전,4.296889842126035,91.7383299325919,7.929560450564119,0.3321096168439751,8.261670067408094,보물,36.0169129150992,128.973358539267,안전
2026-09-30,명고영정,목조,실내,안전,4.296889842126035,91.7383299325919,7.929560450564119,0.3321096168439751,8.261670067408094,시도유형문화유산,36.0063853,128.9183874,안전
2026-09-30,영천 영지사 대웅전 후불탱화,목조,실내,안전,4.296889842126035,91.7383299325919,7.929560450564119,0.3321096168439751,8.261670067408094,시도유형문화유산,35.8444688586943,128.950924188378,안전
2026-09-30,영천 임고서원 영조을묘모본 정몽주 초상 및 함,목조,실내,안전,4.296889842126035,91.7383299325919,7.929560450564119,0.3321096168439751,8.261670067408094,시도유형문화유산,35.9732205043331,128.938550862057,안전
2026-09-30,영천 청제비,석조,실외,안전,3.192131958690077,93.81078574267526,5.994164597269338,0.1950496600554082,6.189214257324746,국보,35.9250902106172,128.940893555139,안전
2026-09-30,영천 신월리 삼층석탑,석조,실외,안전,3.192131958690077,93.81078574267526,5.994164597269338,0.1950496600554082,6.189214257324746,보물,35.9375009927072,128.898757611442,안전
2026-09-30,영천 화남리 삼층석탑,석조,실외,안전,3.192131958690077,93.81078574267526,5.994164597269338,0.1950496600554082,6.189214257324746,보물,36.0841042659394,128.766209779325,안전
2026-09-30,영천 인종대왕 태실,석조,실외,안전,3.192131958690077,93.81078574267526,5.994164597269338,0.1950496600554082,6.189214257324746,보물,35.9970996685661,128.777040453987,안전
2026-09-30,제2로 직봉 - 영천 성산 봉수 유적,석조,실외,안전,3.192131958690077,93.81078574267526,5.994164597269338,0.1950496600554082,6.189214257324746,사적,35.9823198650259,128.835974772001,안전
2026-09-30,제2로 직봉 - 영천 성황당 봉수 유적,석조,실외,안전,3.192131958690077,93.81078574267526,5.994164597269338,0.1950496600554082,6.189214257324746,사적,35.9584018040058,128.896381796847,안전
2026-09-30,제2로 직봉 - 영천 여음동 봉수 유적,석조,실외,안전,3.192131958690077,93.81078574267526,5.994164597269338,0.1950496600554082,6.189214257324746,사적,36.0568770415649,128.761249526648,안전
2026-09-30,하천재<부비각>,석조,실외,안전,3.192131958690077,93.81078574267526,5.994164597269338,0.1950496600554082,6.189214257324746,시도유형문화유산,36.0837422341288,129.014676763092,안전
2026-09-30,영천정각리삼층석탑,석조,실외,안전,3.192131958690077,93.81078574267526,5.994164597269338,0.1950496600554082,6.189214257324746,시도유형문화유산,36.1514183952337,128.992384691581,안전
2026-09-30,포은정몽주유허비,석조,실외,안전,3.192131958690077,93.81078574267526,5.994164597269338,0.1950496600554082,6.189214257324746,시도유형문화유산,36.0062382638148,128.985525151367,안전
2026-09-30,영천보성리암각화,석조,실외,안전,3.192131958690077,93.81078574267526,5.994164597269338,0.1950496600554082,6.189214257324746,시도유형문화유산,35.9940122244111,128.840932397046,안전
2026-09-30,은해사중암암삼층석탑,석조,실외,안전,3.192131958690077,93.81078574267526,5.994164597269338,0.1950496600554082,6.189214257324746,시도유형문화유산,35.9949832057561,128.751966094578,안전
2026-09-30,영천 조치우 옥비,석조,실외,안전,3.192131958690077,93.81078574267526,5.994164597269338,0.1950496600554082,6.189214257324746,시도유형문화유산,35.8782982567771,128.90751495987,안전
2026-09-30,아비달마대비바사론 권제20,석조,실외,안전,3.192131958690077,93.81078574267526,5.994164597269338,0.1950496600554082,6.189214257324746,시도유형문화유산,35.9732205043331,128.938550862057,안전
2026-09-30,이대전유허비,석조,실외,안전,3.192131958690077,93.81078574267526,5.994164597269338,0.1950496600554082,6.189214257324746,문화유산자료,35.9816230192634,128.912069230817,안전
2026-09-30,유후재및옥비,석조,실외,안전,3.192131958690077,93.81078574267526,5.994164597269338,0.1950496600554082,6.189214257324746,문화유산자료,35.8782329073455,128.907472567591,안전
2026-09-30,영천공덕동삼층석탑,석조,실외,안전,3.192131958690077,93.81078574267526,5.994164597269338,0.1950496600554082,6.189214257324746,문화유산자료,36.0926747949803,128.963677082497,안전
2026-09-30,은해사거조암삼층석탑,석조,실외,안전,3.192131958690077,93.81078574267526,5.994164597269338,0.1950496600554082,6.189214257324746,문화유산자료,36.0200961,128.7645919,안전
2026-09-30,영천 화남리 석조여래좌상,석조,반실외,안전,2.2533316116132687,95.7473020608456,3.9987326550822577,0.2539652840721396,4.252697939154397,보물,36.084253133147,128.766369042395,안전
2026-09-30,영천 영지사 명부전 석조지장시왕상 일괄,석조,반실외,안전,2.2533316116132687,95.7473020608456,3.9987326550822577,0.2539652840721396,4.252697939154397,시도유형문화유산,35.9732205043331,128.938550862057,안전
