date,temp_avg,temp_max,temp_min,humidity,rainfall,wind_speed,sunshine_hours,ground_temp,pm10,pm25,o3,no2,co,so2,temp_range,temp_change,humidity_change,humidity_std3,rainfall_7d,rh_over_60,temp_over_20,rh60_days_7,rh60_days_28,rh75,rh95,rh75_days_7,rh75_days_28,rh95_days_7,rh95_days_28,rh75_consecutive_days,rh95_consecutive_days,wood_mold_condition,wood_mold_days_7,wood_mold_days_28,rh70_metal,rh70_days_7,rh70_days_28,rh70_consecutive_days,metal_so2_humidity,pm_total,pm_load_3d,pm_load_7d,so2_ma7,no2_ma7,o3_ma7,month,season
2026-07-11,29.4,36.3,21.9,67.0,0.0,1.3,11.6,33.0,21.0,13.0,0.02,0.005,0.25,0.003,14.399999999999999,0.0,0.0,0.0,0.0,1,1,1.0,1.0,0,0,0.0,0.0,0.0,0.0,0,0,0,0.0,0.0,0,0.0,0.0,0,0.0,34.0,34.0,34.0,0.003,0.005,0.02,7,여름
2026-07-12,29.2,34.5,22.4,68.6,0.0,1.7,9.1,33.5,26.5,17.0,0.0175,0.0055,0.30000000000000004,0.0025,12.100000000000001,0.1999999999999993,1.5999999999999943,1.131370849898472,0.0,1,1,2.0,2.0,0,0,0.0,0.0,0.0,0.0,0,0,0,0.0,0.0,0,0.0,0.0,0,0.0,43.5,77.5,77.5,0.00275,0.0052499999999999995,0.018750000000000003,7,여름
2026-07-13,29.6,35.1,24.0,67.6,0.0,2.0,9.3,35.5,22.5,14.0,0.0195,0.005,0.25,0.0025,11.100000000000001,0.40000000000000213,1.0,0.8082903768654738,0.0,1,1,3.0,3.0,0,0,0.0,0.0,0.0,0.0,0,0,0,0.0,0.0,0,0.0,0.0,0,0.0,36.5,114.0,114.0,0.0026666666666666666,0.005166666666666667,0.019,7,여름
2026-07-14,29.5,33.1,26.2,67.1,0.0,2.3,6.9,36.7,20.5,10.5,0.020999999999999998,0.0045000000000000005,0.25,0.0025,6.900000000000002,0.10000000000000142,0.5,0.7637626158259735,0.0,1,1,4.0,4.0,0,0,0.0,0.0,0.0,0.0,0,0,0,0.0,0.0,0,0.0,0.0,0,0.0,31.0,111.0,145.0,0.002625,0.005,0.0195,7,여름
2026-07-15,30.4,36.5,26.3,57.6,0.0,3.5,8.1,38.0,18.0,7.5,0.043,0.004,0.3,0.0025,10.2,0.8999999999999986,9.499999999999993,5.634713834792318,0.0,0,1,4.0,4.0,0,0,0.0,0.0,0.0,0.0,0,0,0,0.0,0.0,0,0.0,0.0,0,0.0,25.5,93.0,170.5,0.0026000000000000003,0.0048000000000000004,0.0242,7,여름
2026-07-16,28.5,34.1,24.4,63.3,0.0,2.3,4.4,33.8,29.0,17.5,0.048,0.0055,0.35,0.0025,9.700000000000003,1.8999999999999986,5.699999999999996,4.781561809004803,0.0,1,1,5.0,5.0,0,0,0.0,0.0,0.0,0.0,0,0,0,0.0,0.0,0,0.0,0.0,0,0.0,46.5,103.0,217.0,0.0025833333333333333,0.004916666666666666,0.028166666666666663,7,여름
2026-07-17,26.7,32.6,21.6,75.6,25.5,1.7,2.0,32.3,35.0,24.0,0.0465,0.0085,0.5,0.0025,11.0,1.8000000000000007,12.299999999999997,9.199456505685534,25.5,1,1,6.0,6.0,1,0,1.0,1.0,0.0,0.0,1,0,1,1.0,1.0,1,1.0,1.0,1,0.0025,59.0,131.0,276.0,0.0025714285714285717,0.0054285714285714284,0.030785714285714284,7,여름
2026-07-18,26.1,31.7,21.7,83.9,2.5,1.6,1.4,27.7,31.5,17.0,0.031,0.011,0.45,0.002,10.0,0.5999999999999979,8.300000000000011,10.364522822268919,28.0,1,1,6.0,7.0,1,0,2.0,2.0,0.0,0.0,2,0,1,2.0,2.0,1,2.0,2.0,2,0.002,48.5,154.0,290.5,0.002428571428571429,0.006285714285714286,0.032357142857142855,7,여름
2026-07-19,24.5,28.7,22.0,92.9,2.2,1.4,0.1,26.8,17.0,10.0,0.031,0.009000000000000001,0.45,0.0025,6.699999999999999,1.6000000000000014,9.0,8.65235998634669,30.2,1,1,6.0,8.0,1,0,3.0,3.0,0.0,0.0,3,0,1,3.0,3.0,1,3.0,3.0,3,0.0025,27.0,134.5,274.0,0.002428571428571429,0.0067857142857142855,0.03428571428571429,7,여름
2026-07-20,26.2,33.7,23.2,86.8,0.0,1.9,5.2,28.7,26.5,16.5,0.027999999999999997,0.0095,0.5,0.0025,10.500000000000004,1.6999999999999993,6.1000000000000085,4.593836450433687,30.2,1,1,6.0,9.0,1,0,4.0,4.0,0.0,0.0,4,0,1,4.0,4.0,1,4.0,4.0,4,0.0025,43.0,118.5,280.5,0.002428571428571429,0.007428571428571429,0.0355,7,여름
2026-07-21,28.4,33.6,22.4,73.9,0.0,1.7,8.6,32.1,21.5,11.0,0.02,0.006500000000000001,0.4,0.0025,11.200000000000003,2.1999999999999993,12.899999999999991,9.700687260876585,30.2,1,1,6.0,10.0,0,0,4.0,4.0,0.0,0.0,0,0,0,4.0,4.0,1,5.0,5.0,5,0.0025,32.5,102.5,282.0,0.002428571428571429,0.007714285714285714,0.03535714285714285,7,여름
2026-07-22,29.9,35.1,24.4,68.1,0.0,1.8,11.8,34.9,20.5,11.0,0.028499999999999998,0.005,0.3,0.0025,10.700000000000003,1.5,5.800000000000011,9.572007800526157,30.2,1,1,7.0,11.0,0,0,4.0,4.0,0.0,0.0,0,0,0,4.0,4.0,0,5.0,5.0,0,0.0,31.5,107.0,288.0,0.002428571428571429,0.007857142857142858,0.03328571428571429,7,여름
2026-07-23,30.0,35.0,23.5,67.6,0.0,1.7,9.2,35.5,24.5,13.5,0.026500000000000003,0.006500000000000001,0.35,0.0025,11.5,0.10000000000000142,0.5,3.501904243884171,30.2,1,1,7.0,12.0,0,0,4.0,4.0,0.0,0.0,0,0,0,4.0,4.0,0,5.0,5.0,0,0.0,38.0,102.0,279.5,0.002428571428571429,0.008,0.030214285714285718,7,여름
2026-07-24,30.2,37.0,24.2,65.0,0.0,1.4,11.6,37.0,24.5,14.5,0.0315,0.006500000000000001,0.3,0.0025,12.8,0.1999999999999993,2.5999999999999943,1.6643316977095548,4.7,1,1,7.0,13.0,0,0,3.0,4.0,0.0,0.0,0,0,0,3.0,4.0,0,4.0,5.0,0,0.0,39.0,108.5,259.5,0.002428571428571429,0.007714285714285715,0.028071428571428574,7,여름
2026-07-25,29.5,36.7,23.6,67.4,0.0,1.4,7.8,35.7,22.0,12.0,0.023,0.006,0.3,0.0025,13.100000000000001,0.6999999999999993,2.4000000000000057,1.4468356276143206,2.2,1,1,7.0,14.0,0,0,2.0,4.0,0.0,0.0,0,0,0,2.0,4.0,0,3.0,5.0,0,0.0,34.0,111.0,245.0,0.0025,0.007,0.02692857142857143,7,여름
2026-07-26,29.4,36.8,23.6,72.4,18.8,1.2,8.5,35.2,52.0,7.0,0.016,0.0045000000000000005,0.25,0.0025,13.199999999999996,0.10000000000000142,5.0,3.77535870260483,18.8,1,1,7.0,15.0,0,0,1.0,4.0,0.0,0.0,0,0,0,1.0,4.0,1,3.0,6.0,1,0.0025,59.0,132.0,277.0,0.0025,0.006357142857142857,0.024785714285714282,7,여름
2026-07-27,29.7,36.7,23.2,70.6,0.0,1.3,10.9,32.1,15.0,8.0,0.019,0.005,0.3,0.002,13.500000000000004,0.3000000000000007,1.8000000000000114,2.532455988429786,18.8,1,1,7.0,16.0,0,0,0.0,4.0,0.0,0.0,0,0,0,0.0,4.0,1,3.0,7.0,2,0.002,23.0,116.0,257.0,0.002428571428571429,0.005714285714285715,0.0235,7,여름
2026-07-28,30.0,33.3,26.7,65.6,0.0,2.7,3.6,29.6,20.5,13.5,0.0455,0.005,0.3,0.0025,6.599999999999998,0.3000000000000007,5.0,3.5232560697931032,18.8,1,1,7.0,17.0,0,0,0.0,4.0,0.0,0.0,0,0,0,0.0,4.0,0,2.0,7.0,0,0.0,34.0,116.0,258.5,0.002428571428571429,0.0055,0.027142857142857142,7,여름
2026-07-29,30.0,34.5,26.5,64.0,0.0,3.3,9.8,32.1,17.0,10.5,0.038,0.0045000000000000005,0.3,0.0025,8.0,0.0,1.5999999999999943,3.4428670223135316,18.8,1,1,7.0,18.0,0,0,0.0,4.0,0.0,0.0,0,0,0,0.0,4.0,0,2.0,7.0,0,0.0,27.5,84.5,254.5,0.002428571428571429,0.005428571428571429,0.0285,7,여름
2026-07-30,29.2,34.5,25.2,65.4,0.0,3.1,12.7,34.9,16.0,10.0,0.0375,0.0055,0.3,0.0025,9.3,0.8000000000000007,1.4000000000000057,0.8717797887086081,18.8,1,1,7.0,19.0,0,0,0.0,4.0,0.0,0.0,0,0,0,0.0,4.0,0,2.0,7.0,0,0.0,26.0,87.5,242.5,0.002428571428571429,0.005285714285714287,0.030071428571428565,7,여름
2026-07-31,30.1,36.3,24.2,63.9,0.0,2.4,12.2,36.5,17.5,12.5,0.036000000000000004,0.0055,0.3,0.0025,12.099999999999998,0.9000000000000021,1.500000000000007,0.838649708361114,18.8,1,1,7.0,20.0,0,0,0.0,4.0,0.0,0.0,0,0,0,0.0,4.0,0,2.0,7.0,0,0.0,30.0,83.5,233.5,0.002428571428571429,0.0051428571428571435,0.03071428571428572,7,여름
2026-08-01,31.8,37.3,27.2,60.6,0.0,3.2,11.4,38.4,23.0,15.5,0.0495,0.0045000000000000005,0.35,0.0025,10.099999999999998,1.6999999999999993,3.299999999999997,2.4556058315619094,18.8,1,1,7.0,21.0,0,0,0.0,4.0,0.0,0.0,0,0,0,0.0,4.0,0,2.0,7.0,0,0.0,38.5,94.5,238.0,0.002428571428571429,0.004928571428571429,0.034499999999999996,8,여름
2026-08-02,31.6,38.8,26.7,61.0,0.0,2.2,11.9,39.1,23.5,16.0,0.047,0.005,0.35,0.0025,12.099999999999998,0.1999999999999993,0.3999999999999986,1.8009256878989162,0.0,1,1,7.0,22.0,0,0,0.0,4.0,0.0,0.0,0,0,0,0.0,4.0,0,1.0,7.0,0,0.0,39.5,108.0,218.5,0.002428571428571429,0.005,0.03892857142857143,8,여름
2026-08-03,29.6,36.7,23.4,69.4,0.0,1.7,12.1,39.0,26.5,16.0,0.037500000000000006,0.007,0.4,0.0025,13.300000000000004,2.0,8.400000000000006,4.969238707622547,0.0,1,1,7.0,23.0,0,0,0.0,4.0,0.0,0.0,0,0,0,0.0,4.0,0,0.0,7.0,0,0.0,42.5,120.5,238.0,0.0025,0.005285714285714287,0.04157142857142857,8,여름
2026-08-04,28.2,32.3,25.5,77.3,0.0,1.8,4.7,32.7,17.0,10.5,0.0295,0.006500000000000001,0.35,0.0025,6.799999999999997,1.4000000000000021,7.8999999999999915,8.1512780184051,0.0,1,1,7.0,24.0,1,0,1.0,5.0,0.0,0.0,1,0,1,1.0,5.0,1,1.0,8.0,1,0.0025,27.5,109.5,231.5,0.0025,0.0055,0.03928571428571429,8,여름
2026-08-05,28.3,34.4,24.2,73.6,0.0,1.8,8.2,37.0,61.0,30.5,0.025500000000000002,0.006999999999999999,0.35,0.0025,10.2,0.10000000000000142,3.700000000000003,3.9526362510777755,0.0,1,1,7.0,25.0,0,0,1.0,5.0,0.0,0.0,0,0,0,1.0,5.0,1,2.0,9.0,2,0.0025,91.5,161.5,295.5,0.0025,0.005857142857142858,0.0375,8,여름
2026-08-06,28.0,34.3,23.0,70.9,0.0,2.0,12.3,35.6,14.0,6.5,0.0285,0.006500000000000001,0.35,0.0025,11.299999999999997,0.3000000000000007,2.6999999999999886,3.212994449627044,0.0,1,1,7.0,26.0,0,0,1.0,5.0,0.0,0.0,0,0,0,1.0,5.0,1,3.0,10.0,3,0.0025,20.5,139.5,290.0,0.0025,0.006,0.03621428571428571,8,여름
2026-08-07,28.7,35.8,22.2,70.8,0.0,2.0,12.3,36.6,18.5,7.5,0.0315,0.008,0.4,0.003,13.599999999999998,0.6999999999999993,0.10000000000000853,1.5885003409927678,0.0,1,1,7.0,27.0,0,0,1.0,5.0,0.0,0.0,0,0,0,1.0,5.0,1,4.0,11.0,4,0.003,26.0,138.0,286.0,0.0025714285714285717,0.006357142857142857,0.03557142857142857,8,여름
2026-08-08,26.3,32.3,24.2,84.8,18.5,1.5,2.3,28.6,11.0,6.0,0.025,0.005,0.3,0.003,8.099999999999998,2.3999999999999986,14.0,8.054191455385261,18.5,1,1,7.0,27.0,1,0,2.0,6.0,0.0,0.0,1,0,1,2.0,6.0,1,5.0,12.0,5,0.003,17.0,63.5,264.5,0.0026428571428571425,0.0064285714285714285,0.03207142857142857,8,여름
2026-08-09,26.4,30.7,24.1,83.0,1.2,1.5,1.1,27.9,12.0,4.0,0.024,0.005,0.2,0.003,6.599999999999998,0.09999999999999787,1.7999999999999972,7.6166484317798515,19.7,1,1,7.0,27.0,1,0,3.0,7.0,0.0,0.0,2,0,1,3.0,7.0,1,6.0,13.0,6,0.003,16.0,59.0,241.0,0.0027142857142857147,0.0064285714285714285,0.028785714285714286,8,여름
2026-08-10,24.8,27.7,21.6,74.4,0.1,2.8,3.3,26.5,14.0,4.5,0.0325,0.0065,0.25,0.0025,6.099999999999998,1.5999999999999979,8.599999999999994,5.558177159225357,19.8,1,1,7.0,27.0,0,0,3.0,7.0,0.0,0.0,0,0,0,3.0,7.0,1,7.0,14.0,7,0.0025,18.5,51.5,217.0,0.0027142857142857142,0.006357142857142857,0.028071428571428574,8,여름
2026-08-11,23.5,28.0,19.4,67.1,0.0,2.3,9.1,27.2,11.0,5.5,0.0305,0.007,0.25,0.0025,8.600000000000001,1.3000000000000007,7.300000000000011,7.958852513606116,19.8,1,1,7.0,27.0,0,0,2.0,7.0,0.0,0.0,0,0,0,2.0,7.0,0,6.0,14.0,0,0.0,16.5,51.0,206.0,0.0027142857142857142,0.0064285714285714285,0.028214285714285716,8,여름
2026-08-12,23.3,28.2,17.2,73.5,0.0,1.5,4.5,26.9,9.0,5.0,0.0225,0.006500000000000001,0.25,0.0025,11.0,0.1999999999999993,6.400000000000006,3.980368492154258,19.8,1,1,7.0,28.0,0,0,2.0,7.0,0.0,0.0,0,0,0,2.0,7.0,1,6.0,15.0,1,0.0025,14.0,49.0,128.5,0.0027142857142857147,0.006357142857142857,0.027785714285714285,8,여름
2026-08-13,25.3,31.1,20.4,76.5,0.6,1.2,4.3,28.5,11.5,6.5,0.018500000000000003,0.0075,0.3,0.0025,10.700000000000003,2.0,3.0,4.801388688008327,20.4,1,1,7.0,28.0,1,0,3.0,8.0,0.0,0.0,1,0,1,3.0,8.0,1,6.0,16.0,2,0.0025,18.0,48.5,126.0,0.0027142857142857142,0.0065,0.026357142857142857,8,여름
2026-08-14,27.2,34.3,21.2,70.9,0.0,1.4,8.4,32.1,17.0,9.5,0.03,0.0095,0.35,0.003,13.099999999999998,1.8999999999999986,5.599999999999994,2.8023799409313206,20.4,1,1,7.0,28.0,0,0,3.0,7.0,0.0,0.0,0,0,0,3.0,7.0,1,6.0,16.0,3,0.003,26.5,58.5,126.5,0.0027142857142857142,0.006714285714285714,0.02614285714285714,8,여름
2026-08-15,26.0,31.0,22.7,80.8,2.2,1.4,1.6,29.6,20.5,11.5,0.0245,0.0085,0.4,0.003,8.3,1.1999999999999993,9.899999999999991,4.96420520661003,4.1,1,1,7.0,28.0,1,0,3.0,7.0,0.0,0.0,1,0,1,3.0,7.0,1,6.0,16.0,4,0.003,32.0,76.5,141.5,0.0027142857142857147,0.007214285714285715,0.026071428571428572,8,여름
2026-08-16,22.5,24.1,21.3,97.6,52.3,1.3,0.0,24.1,17.0,11.5,0.0225,0.0075,0.35,0.0025,2.8000000000000007,3.5,16.799999999999997,13.497777594848733,55.199999999999996,1,1,7.0,28.0,1,1,3.0,7.0,1.0,1.0,2,1,1,3.0,7.0,1,6.0,16.0,5,0.0025,28.5,87.0,154.0,0.0026428571428571425,0.007571428571428571,0.025857142857142856,8,여름
2026-08-17,24.1,29.2,21.7,91.6,13.3,0.9,0.8,25.8,9.0,4.0,0.018000000000000002,0.0075,0.30000000000000004,0.0025,7.5,1.6000000000000014,6.0,8.513518661517123,68.39999999999999,1,1,7.0,28.0,1,0,4.0,7.0,1.0,1.0,3,0,1,4.0,7.0,1,6.0,16.0,6,0.0025,13.0,73.5,148.5,0.0026428571428571425,0.007714285714285714,0.02378571428571429,8,여름
2026-08-18,26.6,31.1,23.0,84.6,0.0,1.0,6.0,29.4,15.5,10.0,0.027999999999999997,0.006500000000000001,0.35,0.0025,8.100000000000001,2.5,7.0,6.506407098647732,68.39999999999999,1,1,7.0,28.0,1,0,5.0,8.0,1.0,1.0,4,0,1,5.0,8.0,1,7.0,16.0,7,0.0025,25.5,67.0,157.5,0.0026428571428571434,0.007642857142857143,0.02342857142857143,8,여름
2026-08-19,26.2,30.7,23.1,86.0,0.0,1.0,1.0,27.6,24.0,15.5,0.025500000000000002,0.008,0.4,0.0025,7.599999999999998,0.40000000000000213,1.4000000000000057,3.7040518354904917,68.39999999999999,1,1,7.0,28.0,1,0,6.0,9.0,1.0,1.0,5,0,1,6.0,9.0,1,7.0,17.0,8,0.0025,39.5,78.0,183.0,0.0026428571428571425,0.007857142857142858,0.023857142857142855,8,여름
